id;name
154404dc-473f-41ff-a831-dc141097c978;towards painfully basement
9f11030d-b096-445d-b793-28f1a700bdab;woot carefully pish
7ea00a79-c1ba-49e5-b706-1b5889cd6551;psst
06e12424-7bd0-4141-b479-36b81aa14515;rough sample
247731bf-443a-4e66-8039-dd962cc5d0b9;accidentally woot
76a7fb2d-db60-4eb6-96b2-d1108b8afc12;tamper
296ae81f-cef2-4414-aaf5-34a8a7aa6d74;unwitting
b20ef780-322f-4bc8-99a3-da0c726049d3;by
07c803f0-c891-4592-8646-87236220b57a;indeed er whenever
1e4f6197-c4e6-4966-8192-ed1dac096c5d;merrily once without
